trans_x	trans_y	trans_z	rot_x	rot_y	rot_z	dvars_std	dvars_nstd	dvars_vstd	framewise_displacement	aqi	aor
0.0	-0.0	0.0	-0.0	0.0	-0.0	n/a	n/a	n/a	n/a	0.0228106	0.00149
-0.0058	0.1606	-0.0049	0.000705113017805709	-0.0003385938748868999	-0.000291469985083053	1.2347939	67.62303162	1.07518711	0.23805884388878307	0.0214323	0.00021
-0.0256	0.2042	0.0391	0.001706932008450454	-0.0010140362954087054	-0.0010070549784007281	1.16113341	63.58904266	1.00962064	0.22704232022421128	0.0221365	0.0003
-0.0381	-0.1559	-0.0285	0.001281071670963838	-0.0008290313946973065	-0.001085594794740473	1.68721259	92.39957428	1.23320054	0.4746702527268879	0.0222217	0.00046
-0.0453	-0.4229	-0.0642	0.0006003932626860494	-0.0002495820830351891	-0.001298524963483781	1.44010091	78.86659241	1.17330197	0.38355289443416074	0.0401086	0.00332
-0.0375	-0.2394	-0.0325	0.00039095375244672985	-0.0005078908123303499	-0.0012461650859239514	1.10030806	60.25796509	0.99058516	0.24900540585471548	0.0289073	0.00094
-0.0384	-0.0532	-0.0294	0.0004485496177625427	-0.0007155849933176752	-0.001553343034274953	1.08740354	59.55125046	0.97383809	0.21882339973270692	0.0201324	0.00016
-0.0367	-0.0135	-0.0225	0.00035604716740684323	-0.0007382742735936014	-0.0017174039839624202	0.80576229	44.12727356	0.85089102	0.062262634015954624	0.019507	0.00016
-0.0391	0.154	-0.0284	0.0005323254218582705	-0.000614355896702004	-0.0017418385934903407	1.05605805	57.83462524	0.96199536	0.1920315620435473	0.0179182	0.00011
-0.0669	0.126	-0.0267	0.0011152653920243766	-0.00017627825445142725	-0.0023073252711365037	0.84124547	46.07049561	0.87088211	0.1368252145031423	0.0163072	6e-05
-0.0595	0.1552	-0.0142	0.0016458454846306526	0.00014660765716752367	-0.002131047016685076	0.81135958	44.43380737	0.8625169	0.10058721293383271	0.0142451	6e-05
-0.0518	0.0926	-0.0186	0.0016004669240788003	0.00010821041362364843	-0.002036799237077382	0.78013134	42.72360229	0.8432763	0.08360117918517107	0.0136592	2e-05
-0.0568	0.0577	-0.0188	0.0013805554383275148	0.0002478367537831948	-0.0022759093446006054	0.75248623	41.20962906	0.8322779	0.07003239667170277	0.0146789	1e-05
-0.0695	-0.0785	0.0059	0.002038544566329377	0.000593411945678072	-0.002169444260228951	1.05315077	57.67541122	0.96453612	0.22910147021341967	0.0160954	9e-05
-0.0645	-0.1235	0.0172	0.0022654373690886398	0.000874409955249159	-0.0021170843826691216	0.8871662	48.58532715	0.88632516	0.08931253449450899	0.0166937	4e-05
-0.1586	-0.3306	0.3338	0.0029949849964222694	0.001048942880448592	-0.0029775317039023265	2.24030161	122.68928528	1.57773309	0.7060263936883133	0.045402	0.00408
-0.2055	-0.4311	0.3705	0.002748893571891069	0.001387536755335492	-0.004475024202113462	1.9242624	105.3815155	1.50028617	0.28820888988146176	0.0494282	0.00248
-0.1496	-0.2767	0.1871	0.0016249015336067207	0.0018291050560900572	-0.004340633849709897	1.41510308	77.49759674	1.17746097	0.47869753457212394	0.0310524	0.00032
-0.1585	-0.1901	0.1531	0.0022026055160168437	0.0017994344588061536	-0.0046530477858168825	0.93519497	51.21560669	0.9402443	0.17548942579005058	0.0264112	0.00015
-0.1802	-0.1095	0.2046	0.0032812189937493396	0.0018657569703819383	-0.005293583621298802	0.97797406	53.55838776	0.93731261	0.24307359123951	0.0243573	0.0001
-0.2128	-0.1731	0.2406	0.0032079151651655774	0.0021572269554649913	-0.006180210881311922	0.90786934	49.71912766	0.89535389	0.1947700536839968	0.031579	0.00037
-0.2084	-0.0599	0.1804	0.003954916085019151	0.0022706733568446224	-0.00705462083656108	1.08106983	59.20438766	0.98693237	0.26454286382411807	0.026979	0.00037
-0.2062	-0.0802	0.1981	0.0049235738198760036	0.001748819910498318	-0.007747516549602829	0.95914483	52.52721024	0.93621146	0.1493703447122453	0.0289857	0.00054
-0.1836	-0.1452	0.0825	0.004714134309636684	0.002305579941884509	-0.006895795874629596	1.07140911	58.67532349	0.97365848	0.28409601082993713	0.0263144	0.00045
-0.1839	-0.147	0.19	0.0041835542170304075	0.0009337511498169664	-0.00672824426643814	0.9772473	53.51858521	0.93693122	0.21309802464326372	0.0283674	0.00042
-0.1725	-0.3332	0.2048	0.005455899241734273	0.001424188669627373	-0.006347762489503377	1.20805788	66.15884399	1.05484796	0.3195632160724518	0.036152	0.00069
-0.1707	-0.2639	0.1492	0.005965535383316617	0.001839577031602023	-0.00648215284190694	0.92823273	50.83432007	0.91309179	0.1796707427980278	0.03045	0.00034
-0.1795	-0.3029	0.1754	0.005468116546498235	0.00182212373908208	-0.006901031862385578	0.81788903	44.79138947	0.8691621	0.12068755749084815	0.0337376	0.00057
-0.1892	-0.1693	0.1253	0.005412266010434416	0.001954768762233649	-0.006932447788921477	0.90952569	49.80983734	0.89950927	0.2043955742875644	0.0262437	0.00032
-0.1663	-0.1404	0.0784	0.005071926806295522	0.001933824811209717	-0.006274458660919614	0.80577803	44.12813568	0.85335441	0.14966361415823448	0.0237294	0.00018
-0.1499	0.0121	0.0909	0.004590215932745087	0.0022759093446006054	-0.0060946897479642	0.98893017	54.15839386	0.92251675	0.23157821599483688	0.0183572	0.00011
-0.1487	-0.0768	0.0784	0.004394739056521722	0.0026319565120074486	-0.006080727113948244	0.87728804	48.04435349	0.88251374	0.13087433388230815	0.0201437	0.00012
-0.131	0.0133	0.0722	0.004366813788489812	0.0027680921936630064	-0.0055484016920899736	0.8582719	47.00294113	0.87201962	0.1488193185772869	0.0166482	7e-05
-0.1201	-0.0104	0.0681	0.004207988826558329	0.0025324727446437724	-0.005578072289373877	0.76711696	42.0108757	0.83825697	0.05990575041173105	0.0164624	5e-05
-0.1195	-0.0723	0.0677	0.003897320219703338	0.002925171826342496	-0.005318018230826722	0.79053217	43.29320145	0.84113072	0.11107108735504347	0.0184329	5e-05
-0.1097	0.0024	0.0618	0.003895574890451344	0.0026790804018112955	-0.005522221753310059	0.7889387	43.20593643	0.8392291	0.11300201381332656	0.0163149	4e-05
-0.1176	-0.1279	0.109	0.0044628068973495	0.0023963370629882146	-0.0059306287982767315	0.97446066	53.36597824	0.91471444	0.24831911953439548	0.0219755	7e-05
-0.1294	-0.1641	0.1121	0.006000441968356505	0.0020420352248333657	-0.005801474433629152	0.86018091	47.10749054	0.88044869	0.15215456369047164	0.0240974	9e-05
-0.1442	-0.1122	0.1048	0.006702064327658226	0.0021921335405048776	-0.005832890360165049	0.78662956	43.0794754	0.84654508	0.11815683007545652	0.022127	0.00011
-0.1572	-0.1935	0.1441	0.0076497781114911465	0.002892010570554604	-0.005534439058074019	0.84347945	46.19284058	0.87352831	0.2309021057986839	0.0265322	0.00014
-0.1382	-0.2295	0.2304	0.005921902152016759	0.0029740410453983376	-0.004782202150464463	1.02183926	55.9606514	0.96298986	0.26940716709638385	0.0287324	0.00017
-0.1493	-0.1856	0.2075	0.005867796945204936	0.0023509585024363614	-0.0056653387519735934	0.90521431	49.57372665	0.90502378	0.15591621756414653	0.0271646	0.00019
-0.1402	-0.0768	0.213	0.005955063407804653	0.0027314402793711255	-0.005773549165597242	0.85515344	46.83216095	0.87287068	0.15219793265790643	0.0231566	3e-05
-0.1337	-0.1741	0.2476	0.005560618996853934	0.003035127569218139	-0.005518731094806069	0.81911844	44.85871887	0.85786926	0.1860474885794452	0.0270519	8e-05
-0.1352	-0.1988	0.2627	0.004735078260660616	0.002134537675189065	-0.005595525581893821	0.80899286	44.3041954	0.85636026	0.1314462558655072	0.0306341	0.00022
-0.2043	-0.1766	0.3715	0.005167919915155209	0.0014433872913993105	-0.005626941508429718	1.08279896	59.29908371	0.99274474	0.2578703982410123	0.039427	0.00085
-0.2084	-0.1519	0.3606	0.0019949113350295183	0.0031293753488258326	-0.004593706591249075	1.36653531	74.83779907	1.13701342	0.3343115777366428	0.0368233	0.00087
-0.1753	-0.2443	0.3624	0.002670353755551324	0.002595304597715568	-0.004639085151800928	0.96904755	53.06953049	0.94409232	0.19004458660919607	0.0376333	0.00058
-0.4524	-0.6299	1.1534	0.004639085151800928	0.0024731315500759648	-0.00626049602690366	3.90914178	214.08270264	2.90840034	1.6393157659495972	0.136511	0.10861
-0.4081	-0.5631	0.8061	0.007086036763096978	0.0034330626386728466	-0.008105309046261666	3.45126605	189.00730896	2.70080806	0.720984785962547	0.0991957	0.05267
-0.3604	-0.5719	0.8018	0.008178612874845429	0.0018151424220741027	-0.008611454529340022	1.21566308	66.57534027	1.23315791	0.22163209057127753	0.0934514	0.03346
-0.3032	-0.6174	0.724	0.006635741816082441	0.0014433872913993105	-0.009627236154000721	1.04319489	57.13018036	1.0066085	0.3270203907049239	0.0912066	0.03091
-0.2335	-0.5362	0.6347	0.007972664023110098	0.0016283921921107093	-0.007305948248848264	1.16000497	63.52724457	1.05851612	0.4323607506445755	0.0756492	0.01585
-0.235	-0.3782	0.6879	0.007953465401338159	0.0012252211349000194	-0.007007496946757234	1.05719495	57.89688873	0.99371159	0.24874104905368288	0.0686679	0.01022
-0.2406	-0.5254	0.6588	0.008155923594569502	0.0016667894356545846	-0.007182029871956666	1.00630105	55.10970688	0.97087252	0.22282797095926696	0.0759578	0.01655
-0.2266	-0.3461	0.5956	0.007555530331883452	0.0015515977050229591	-0.006586872597026601	1.11573732	61.10294342	1.0296752	0.3220371134123871	0.0614205	0.00636
-0.2073	-0.3665	0.6152	0.007367034772668065	0.0016650441064025902	-0.0062727133316676205	0.80766308	44.23136902	0.86604526	0.09010506129769982	0.0624162	0.00605
-0.2049	-0.4024	0.5819	0.007333873516880173	0.0026057765732275338	-0.0065554566704907015	0.78605717	43.04813004	0.8531363	0.13443185307179584	0.0631126	0.00627
-0.2658	-0.3788	0.6235	0.007094763409356949	0.0029949849964222694	-0.007951720072086166	0.8380093	45.89326859	0.88143494	0.2273290966156712	0.0684519	0.0088
-0.2555	-0.4178	0.5928	0.006302383928951523	0.0028396506929947744	-0.008709192967451705	0.82639217	45.257061	0.88205543	0.165259333959923	0.0684843	0.00963
-0.262	-0.5023	0.557	0.0067771134854939805	0.003152064629101759	-0.00902160690355869	0.84304559	46.16907883	0.88698203	0.1817778714378212	0.0719703	0.01208
-0.2732	-0.5101	0.5875	0.007223917774004529	0.002008873969045473	-0.009393362034233481	0.83670092	45.82161713	0.88409938	0.14758750396208128	0.0756058	0.01559
-0.2643	-0.4255	0.5431	0.004948008429403923	0.0018936822384138475	-0.009934414102351725	1.02630949	56.20545578	0.97840833	0.28450765716752374	0.0698252	0.011
-0.2458	-0.2024	0.4624	0.00478918346747244	0.0010245082709206715	-0.009063494805606554	1.37345052	75.21650696	1.15514935	0.4172459113084916	0.0512713	0.00439
-0.2081	-0.3296	0.3229	0.004494222823885398	0.001387536755335492	-0.007515387759087582	1.24651241	68.2647934	1.08413156	0.4147048087260417	0.0448937	0.00135
-0.1742	-0.3909	0.2861	0.0037699111843077517	0.002647664475275398	-0.006101671064972177	0.98868471	54.14495087	0.96468154	0.3019078026816479	0.0447168	0.0013
-0.1829	-0.2412	0.2755	0.004002039974822997	0.002145009650701031	-0.006005677956112489	0.99097341	54.27029037	0.94176494	0.21053883619746516	0.0352923	0.00033
-0.1805	-0.0343	0.3346	0.004085815778918725	0.0017051866791984597	-0.0058416170064250214	1.200109	65.723526	1.03710426	0.3027829862642883	0.0296432	0.0002
-0.1814	-0.2184	0.2642	0.0038327430373795474	0.001481784534943186	-0.0058869955669768725	1.16394353	63.74293518	1.01497369	0.2814926723173152	0.032782	0.00025
-0.1785	-0.1706	0.2723	0.0038030724400956446	0.0014381513036433276	-0.005813691738393112	0.89953887	49.26291275	0.89784282	0.06613038285837611	0.0315534	0.00033
-0.1774	-0.0183	0.2185	0.0031956978604016175	0.0012950343049797925	-0.005621705520673735	1.1254462	61.63464355	1.00702764	0.2543238898038469	0.0243134	0.00016
-0.1752	-0.255	0.1785	0.0026529004630313807	0.0015132004614790836	-0.005859070298944964	1.27791822	69.98471832	1.06097019	0.32881641660703786	0.0335081	0.00033
-0.1771	-0.0237	0.2133	0.002909463863074547	0.0009930923443847736	-0.005855579640440977	1.25251603	68.59357452	1.06319213	0.3070081087820732	0.0242183	0.00013
-0.1708	-0.2614	0.1827	0.0026668630970473357	0.0013840460968315032	-0.005777039824101231	1.25077295	68.49811554	1.05640958	0.31020471674068434	0.0328443	0.00031
-0.1697	-0.076	0.2163	0.0025289820861397836	0.0012723450247038664	-0.005679301385989549	1.11352348	60.9817009	0.98810123	0.2374660260573436	0.0252165	0.00013
-0.1662	-0.148	0.182	0.0027436575841350863	0.000635299847725936	-0.00597426202957659	0.88259357	48.33491135	0.8835411	0.1671340659280137	0.027007	0.00017
-0.1737	-0.1115	0.2762	0.0029129545215785357	0.000661479786505851	-0.0059690260418206065	0.85310882	46.72018814	0.87695167	0.14823564319896737	0.0295303	0.00022
-0.2083	-0.2269	0.3999	0.0028693212902786776	0.0009337511498169664	-0.007136651311404813	1.09398997	59.91195297	0.99653234	0.34787649320975894	0.0446048	0.00168
-0.1968	-0.1387	0.3888	0.0029408797896104456	0.0003525565089028545	-0.006913249167149539	0.87877119	48.12557983	0.89178863	0.15460776422505773	0.0396438	0.00113
-0.1858	-0.2418	0.4476	0.004307472593922005	-0.00019198621771937622	-0.0072570790297924225	0.97267377	53.26811981	0.94419324	0.28564826967883367	0.0487249	0.0023
-0.1935	-0.3273	0.5792	0.004113741046950634	0.001117010721276371	-0.008100073058505684	1.06646883	58.40477371	0.99500456	0.3420861257340191	0.0632168	0.00676
-0.2199	-0.3682	0.6107	0.004583234615737109	0.0014922565104551516	-0.009499827118605135	0.93122101	50.9979744	0.93437596	0.21102467090323532	0.0697967	0.01029
-0.2458	-0.4636	0.6281	0.004988151002199794	0.0019198621771937623	-0.010742501546025098	0.91526294	50.12403488	0.92487349	0.2424598240310629	0.0782676	0.01738
-0.2534	-0.4683	0.6122	0.006052801845916334	0.0013892820845874865	-0.011046188835872113	0.76673275	41.98983383	0.84625773	0.1231459113084916	0.077455	0.01818
-0.2508	-0.4332	0.5903	0.00633729051399141	0.0012356931104119853	-0.011875220230569418	0.75484878	41.33901215	0.84364115	0.12295545184739402	0.0754182	0.01833
-0.1879	-0.3407	0.5708	0.0020804324683772408	0.0017278759594743865	-0.01288402053822214	1.38891149	76.06322479	1.16904163	0.46279206011646473	0.0740099	0.01915
-0.1748	-0.2783	0.3395	0.0005358160803622592	0.0012863076587198209	-0.010742501546025098	1.44332778	79.04331207	1.23419449	0.5131851840483294	0.0555782	0.00761
-0.1954	-0.2707	0.3183	0.0016510814723866359	0.0014172073526193955	-0.009756390518648303	0.81952769	44.88113022	0.87199088	0.16101380566503723	0.050103	0.00498
-0.1943	-0.1945	0.2977	0.002462659574563999	0.0011397000015522971	-0.00942477796076938	0.80036134	43.83149338	0.8601965	0.16893490055616925	0.0443052	0.00277
-0.1943	0.0305	0.3011	0.002939134460358451	0.0009250245035569946	-0.00861494518784401	1.24310637	68.07826233	1.09053013	0.3034491578357561	0.0355196	0.00145
-0.1763	-0.2439	0.1914	0.002288126649364566	0.0011047934165124105	-0.00846135621366851	1.44549286	79.16188049	1.16736322	0.45131828490624	0.0389901	0.00138
-0.1658	-0.0942	0.2657	0.002707005669843205	0.00031415926535897925	-0.008141960960553548	1.07696772	58.97974014	0.98054351	0.3109454212373516	0.0330381	0.00076
-0.1523	-0.2739	0.2195	0.0026529004630313807	0.0007138396640656808	-0.007850490975470494	1.13169074	61.97662354	1.01127875	0.2766627795300789	0.0388808	0.00113
-0.1634	-0.1376	0.2508	0.0038065630985996326	0.001254891732183923	-0.007969173364606109	1.06238222	58.18096924	0.97295451	0.2693698546411054	0.0321147	0.00054
-0.1732	-0.2064	0.2519	0.006007423285364482	0.0011746065865921838	-0.008696975662687744	1.09932113	60.20391464	0.99936473	0.2301473815219112	0.0357252	0.00088
-0.1824	-0.2142	0.2023	0.006883578569865635	0.0012025318546240932	-0.0089570297212349	0.8872084	48.58763885	0.89619644	0.12480673055401097	0.0356333	0.00113
-0.1986	-0.1705	0.183	0.00623257075887175	0.000900589894029074	-0.009869836920027934	0.9592095	52.53075409	0.93102918	0.17248784851909693	0.0368673	0.00182
-0.194	-0.2013	0.2471	0.006143558967020039	0.0012112585008840647	-0.010290461269758567	0.95783043	52.4552269	0.94341573	0.14051523742186667	0.0403324	0.00229
-0.1735	-0.2097	0.2632	0.006250024051391693	0.0016423548261266642	-0.010136872295583067	0.85809815	46.99342728	0.89135068	0.0795575191894877	0.041469	0.00232
-0.1688	-0.1318	0.2581	0.006393141050055229	0.0017819811662862105	-0.009897762188059843	0.88903624	48.68774033	0.89479524	0.11379267231731525	0.038286	0.0016
-0.1825	-0.1255	0.3002	0.006888814557621618	0.001420698011123384	-0.009789551774436193	0.84228158	46.12723923	0.88348649	0.1103583538176433	0.0395153	0.00178
-0.098	-0.1192	0.2922	0.005162683927399226	0.0032218777991815323	-0.009161233243718236	1.0202719	55.87481308	0.98185984	0.3065814474499249	0.0369751	0.00136
-0.1055	-0.0668	0.2335	0.005403539364174444	0.0028605946440187057	-0.009136798634190315	0.87708372	48.03316498	0.90173014	0.14992866007329825	0.0314913	0.0008
-0.1103	-0.1853	0.2264	0.0049846603436958055	0.002541199390903744	-0.008686503687175778	0.8880623	48.63440323	0.89081678	0.18982846103040688	0.0345164	0.00091
-0.1081	-0.104	0.1876	0.005251695719250937	0.0024870941840919192	-0.008642870455875919	0.82899648	45.39968491	0.8628109	0.14053869068334077	0.0301199	0.00056
-0.1036	-0.1573	0.1994	0.005431464632206353	0.002633701841259443	-0.008787732783791448	0.77501178	42.44323349	0.84041073	0.09316194490192344	0.0332676	0.00075
-0.1042	-0.1065	0.1565	0.005417501998190398	0.002717477645355171	-0.008604473212332044	0.76379377	41.82888412	0.83909469	0.10834990047855432	0.0301489	0.00064
-0.1071	-0.0849	0.1803	0.005539675045830002	0.002707005669843205	-0.008698720991939739	0.74115407	40.5890274	0.82713685	0.059644640137963216	0.0304952	0.00059
-0.1223	-0.0996	0.1585	0.006347762489503377	0.0027925268031909274	-0.008660323748395862	0.76778066	42.04722214	0.83545474	0.09830029102824869	0.0300982	0.00058
-0.1234	-0.0686	0.2232	0.006780604143997971	0.0024277529895241124	-0.00938463538797351	1.07572985	58.91194916	0.97530174	0.17289635538695283	0.0370801	0.00212
-0.2121	-0.0881	0.2545	-0.00428129265514209	0.004977679026687828	-0.00853815070075626	2.77752376	152.11006165	1.92953927	0.8624153761760514	0.0592374	0.01182
-0.2027	-0.0465	0.1554	-0.0024486969405480446	0.003710569989739945	-0.008972737684502848	1.23731291	67.76098633	1.118508	0.3268145867644259	0.0477064	0.00504
-0.1267	0.4005	-0.0634	-0.004991641660703782	0.0029862583501622975	-0.00933576616891767	2.30911684	126.45792389	1.69047096	0.9233142422074104	0.0533071	0.02064
-0.1257	0.2856	-0.1342	-0.004728096943652638	0.0026267205242514655	-0.008991936306274786	1.17128587	64.14503479	1.06661943	0.23504562028024303	0.0514366	0.01449
-0.1108	0.3906	-0.0954	-0.003237585762449481	0.002537708732399755	-0.008611454529340022	1.01992881	55.8560257	0.95886968	0.2567002374994815	0.0455361	0.01189
-0.0732	0.1853	-0.0555	-0.002541199390903744	0.003005456971934235	-0.008321729873508963	1.41177952	77.31558228	1.16010681	0.35549296334556385	0.041621	0.00619
-0.0481	0.2873	0.0521	-0.002712241657599188	0.0035150931135165793	-0.0075502943441274695	1.27312756	69.7223587	1.10369708	0.30730569688296405	0.0392859	0.00602
-0.0608	-0.0362	0.0721	-0.0014137166941154068	0.00342259066316088	-0.005763077190085277	1.56408238	85.65639496	1.25323511	0.5151122283940837	0.0320224	0.00071
-0.0568	-0.0307	0.0668	-0.0004747295565424576	0.003518583772020568	-0.004733332931408622	0.84040552	46.02449799	0.88413961	0.1180362252554646	0.0266522	0.0003
-0.0704	0.1559	0.1065	0.0009843656981248017	0.0031049407392979124	-0.004351105825221863	1.22445643	67.05690002	1.05860107	0.35264826967883367	0.0201529	0.00018
-0.0717	-0.0157	0.0595	0.0007330382858376184	0.002766346864411012	-0.004550073359949217	1.16268623	63.6740799	1.00843875	0.2593444410950718	0.0197266	7e-05
-0.0679	-0.0836	0.0984	0.0007557275661135446	0.00294262511886244	-0.004806636759992383	0.93588692	51.25350189	0.9195424	0.13337654673852595	0.0233044	0.00018
-0.0649	0.0389	0.1846	0.0010192722831646884	0.00318871654339364	-0.005124286683855352	1.02413487	56.08636475	0.95842903	0.2530643032722657	0.0219443	0.00014
-0.0196	0.0459	0.1801	0.001467821900927231	0.002806489437206882	-0.005290092962794812	0.97899199	53.61413193	0.94109684	0.10662915014443802	0.0206825	0.0001
-0.0253	-0.1333	0.1355	0.0014835298641951804	0.0030944687637859463	-0.004965461721923867	1.16166782	63.61830521	1.01031537	0.26091592653589796	0.0238206	9e-05
-0.0157	0.106	0.1002	0.0020141099568014562	0.0026302111827554544	-0.0052831116457868355	1.30709958	71.58282471	1.05896123	0.3498243798749868	0.0170399	5e-05
0.0141	0.0486	0.1244	0.0007155849933176752	0.0025726153174396417	-0.0071471232869167785	1.22212398	66.9291687	1.06781214	0.2724066234964768	0.0296088	0.00109
-0.0275	0.125	0.003	-0.0	0.0035953782591083183	-0.006700318998406232	1.38912535	76.07493591	1.15669251	0.3486576111748449	0.026285	0.00084
-0.0087	0.1493	0.0001	0.0009791297103688187	0.0032114058236695662	-0.006435028952103093	0.93065208	50.96681595	0.91773646	0.12741960960553547	0.0223064	0.00036
-0.0015	0.1447	-0.0194	0.0011257373675363424	0.0033248522250491977	-0.00645422757387503	0.74851358	40.99206924	0.83263635	0.04526263401595458	0.0222335	0.00046
0.014	0.1879	-0.0545	0.0008325220532012951	0.0032445670794574587	-0.005797983775125162	0.82373494	45.11153793	0.86580298	0.14528721293383276	0.0219716	0.00043
0.0164	0.2851	-0.0414	0.001410226035611418	0.003127630019573839	-0.006009168614616477	0.84879333	46.48385239	0.86666935	0.15799129408925294	0.022917	0.00067
-0.0018	0.1675	-0.0674	0.0021048670779051613	0.0036163222101322505	-0.005668829410477582	1.01979756	55.84883499	0.95021311	0.2379836218495525	0.0202893	0.00028
-0.0119	0.0967	-0.008	0.0019826940302655584	0.0029688050576423546	-0.005946336761544681	0.9779011	53.55438995	0.94507673	0.19265987755982988	0.0194907	0.0002
-0.0132	0.2878	-0.028	0.0013631021458075715	0.00238237442897226	-0.0067771134854939805	1.20406973	65.94042969	1.0339456	0.31423996185386904	0.0244516	0.00083
-0.0086	0.206	-0.0725	0.0012863076587198209	0.0024556782575560214	-0.005141739976375294	0.95345527	52.21562576	0.92366468	0.2201735912395099	0.0198398	0.00013
-0.0288	0.3493	0.1094	0.0021991148575128553	0.0022968532956245376	-0.004591961261997081	1.40502334	76.94557953	1.15223758	0.4264705437551367	0.0251876	0.00124
-0.0278	0.2167	0.006	0.0033283428835531865	0.0020682151636132805	-0.0027384215963791032	1.37901199	75.52108002	1.14325744	0.3975702911834783	0.0164645	0.00015
-0.0375	-0.1812	-0.1205	0.00041189770347066176	0.003186971214141646	-0.0032934362985133003	2.05977845	112.8030014	1.46811474	0.7636107966372545	0.0290305	0.00095
-0.0204	-0.042	-0.1382	0.0009878563566287904	0.0029862583501622975	-0.002933898472602468	1.05362225	57.70123291	0.96816752	0.23081046715241543	0.0218413	0.00042
-0.0202	0.1228	-0.1288	0.0022706733568446224	0.002450442269800039	-0.0028274333882308137	1.08216929	59.26460266	0.98039559	0.2706549082474873	0.0152193	4e-05
-0.0297	0.3818	-0.126	0.003516838442768574	0.002106612407157156	-0.0028710666195306722	1.33110583	72.89751434	1.09516479	0.35298140899333463	0.0214809	0.0001
-0.0155	0.1677	-0.1793	0.0040055306333269865	0.0022933626371205488	-0.002190388211252884	1.14751554	62.84326553	0.9995097	0.34940604143997966	0.0133751	2e-05
-0.0214	0.4149	-0.147	0.004305727264670011	0.0020280725908174107	-0.0023788837704682713	1.2647841	69.26543427	1.04661776	0.3230991118430775	0.0239208	0.00013
-0.0256	0.3088	-0.2016	0.004717624968140673	0.0020943951023931952	-0.002371902453460294	1.06710756	58.43975067	0.97586398	0.1891600766027212	0.0207355	0.00035
-0.0267	0.1586	-0.1737	0.004488986836129415	0.0021799162357409173	-0.0025761059759436306	1.1355077	62.18566132	1.00301574	0.2051181393921158	0.0139595	5e-05
-0.0268	0.2402	-0.1696	0.004782202150464463	0.002036799237077382	-0.0026529004630313807	0.86337453	47.28238678	0.87420135	0.11145634000431665	0.0161362	3e-05
-0.0343	0.1649	-0.1429	0.005092870757319453	0.0016650441064025902	-0.002804744107954888	0.90780288	49.71548843	0.89742228	0.15121336912266445	0.0130708	5e-05
-0.0384	0.1414	-0.1515	0.0053546701451186035	0.001270599695451872	-0.0033021629447732717	0.885683	48.5041008	0.89306038	0.0938831317784126	0.0139763	4e-05
-0.0221	0.0618	-0.1187	0.005087634769563471	0.0014940018397071458	-0.003080506129769991	0.89863151	49.2132225	0.9026378	0.1643047167406843	0.0114681	3e-05
-0.0132	0.0473	-0.1132	0.005052728184523583	0.0015376350710070042	-0.002583087292951608	0.83313698	45.62643814	0.87389575	0.05769793265790646	0.010528	4e-05
-0.0073	0.1197	-0.0932	0.004806636759992383	0.0016929693744344998	-0.002258456052080662	0.87276	47.79637909	0.8841275	0.13460284844148207	0.00922495	0.0
-0.0099	0.1865	-0.0837	0.0038327430373795474	0.0022916173078685546	-0.0015707963267948967	0.98303396	53.83549118	0.92679625	0.1919100690666328	0.0106511	4e-05
-0.0036	0.1896	-0.042	0.0033946653951289706	0.0022933626371205488	-0.0016109388995907662	0.89956599	49.26439667	0.89658733	0.07509827721492202	0.0100399	3e-05
0.0169	0.2945	-0.038	0.0019512781037296606	0.0016406094968746698	-0.0026843163895672786	1.11242092	60.92132187	0.98880314	0.28787589608108505	0.0173891	0.00011
0.0667	0.3317	0.0402	0.002553416695667704	0.0010960667702524388	-0.0038275070496235643	1.07223094	58.72032928	0.99698109	0.279693598930828	0.0201954	0.00025
0.0565	0.2703	-0.0077	0.002780309498426967	0.0019111355309337906	-0.003518583772020568	0.92715061	50.77505875	0.91776817	0.1870442420521805	0.0154242	0.0001
0.0731	0.2491	0.0337	0.0015114551322270892	0.0016667894356545846	-0.0037978364523396607	0.90039021	49.30953598	0.89814402	0.1688226570899088	0.0191971	0.00027
0.0765	0.2677	-0.0526	0.0009232791743050004	0.0017540558982543013	-0.0032847096522533284	1.05297875	57.66599274	0.95343959	0.16772846103040687	0.0208381	0.00038
0.0348	0.2677	-0.0171	-0.001256637061435917	0.002064724505109292	-0.0020734511513692635	1.19038212	65.19083405	1.04008988	0.2622921671739986	0.0259794	0.00077
0.0495	0.1442	-0.1246	-0.00019024088846738194	0.0026790804018112955	-0.000705113017805709	1.21906173	66.76146698	1.05369028	0.3981545101617047	0.0219072	0.0003
0.0479	0.1153	-0.185	-0.0005375614096142535	0.003438298626428829	-0.000577703982410123	0.96259034	52.71590424	0.94788479	0.15259738905799955	0.0252399	0.00089
0.0418	0.3875	-0.137	0.001616174887346749	0.0019181168479417679	-0.0008342673824532895	1.48928547	81.56016541	1.19106678	0.5228240737745615	0.0237141	0.00021
0.0417	0.2464	-0.2296	0.0026930430358272505	0.0023911010752322315	-0.00019547687622336493	1.16916037	64.02863312	1.02574281	0.3432321441000445	0.0194241	8e-05
0.0469	0.3403	-0.1832	0.002309070600388498	0.0021380283336930534	-2.268928027592628e-05	0.94612288	51.81406784	0.91226038	0.1859916386462684	0.0206317	8e-05
0.0626	0.3572	-0.152	0.0012199851471440364	0.002239257430308725	0.00034906585039886593	0.84216094	46.12063217	0.87315295	0.14190348402674632	0.0226708	0.0002
0.0289	0.3876	-0.1132	0.0006475171524898963	0.002998475654926258	0.0005811946409141118	0.90060943	49.32154083	0.91011239	0.18109075048934595	0.0257534	0.00066
0.0464	0.3717	-0.1773	0.0012671090369478833	0.0023963370629882146	0.0007086036763096977	0.86223859	47.2201767	0.89396596	0.16495697558958086	0.0257694	0.00016
0.0418	0.2926	-0.2661	0.002441715623540067	0.002143264321449037	0.000296705972839036	0.91583443	50.15533447	0.90224485	0.2644788515801011	0.0248153	7e-05
0.0175	0.5266	-0.1917	0.002825688058978819	0.0009651670763528643	-0.0003211405823669566	1.41028297	77.23362732	1.155851	0.44169581178704576	0.0357748	0.00208
0.0101	0.3431	-0.1901	0.0028396506929947744	0.0001256637061435917	-0.000577703982410123	1.19181216	65.26914978	1.03105049	0.24800147021341967	0.0251526	0.00023
0.0163	-0.008	-0.2387	0.0020298179200694054	0.00038397243543875244	-0.00048171087355043494	1.60933232	88.13449097	1.23264772	0.46410673055401086	0.0202719	0.00031
0.0467	0.129	-0.2046	0.0018936822384138475	0.0005742133239061344	0.0002548180707911721	0.97851413	53.5879631	0.92017224	0.25464527572322737	0.0180255	9e-05
0.0754	0.1395	-0.1005	0.0014852751934471744	0.0010175269539126942	0.000731292956585624	0.89111954	48.80183029	0.90568816	0.20970977803838425	0.0154373	7e-05
0.0384	0.1995	0.0088	-0.0003612831551628262	0.00147131255943122	0.0008517206749732328	1.10184026	60.34187317	0.99281538	0.32733858362580676	0.0205114	0.00021
0.0225	0.1654	0.0441	-0.0021223203704251047	0.0008115781021773631	-0.0005026548245743669	1.21289873	66.4239502	1.03064285	0.27405735860318675	0.0280932	0.00087
0.0029	0.2253	-0.0356	-0.003415609346152903	0.0005166174585903216	-0.0010245082709206715	1.24811828	68.35273743	1.05962215	0.2647051532830572	0.0335372	0.00219
0.0428	0.2765	-0.0569	-0.003607595563872279	0.0005951572749300663	0.00010821041362364843	0.90743929	49.69557571	0.91527455	0.18256223593017207	0.0347221	0.00331
0.057	0.3821	-0.1777	-0.0021275563581810873	0.0009128071987930344	0.0002199114857512855	1.04337978	57.14030838	0.9520161	0.3360695100840898	0.034425	0.00321
0.0592	0.3384	-0.1905	-0.0003577924966588376	0.001075122819228507	0.0006579891280018621	0.92081237	50.427948	0.90891718	0.17720785621041496	0.0285209	0.00078
0.0503	0.2561	-0.157	0.0004049163864626844	0.0010925761117484504	0.0006038839211900379	0.90112448	49.3497467	0.89781357	0.16641336912266447	0.0226958	0.00014
0.0541	0.328	-0.1616	7.155849933176751e-05	0.001158898623324235	0.0008779006137531476	0.92833537	50.83994293	0.90662296	0.11398485456349056	0.0267054	0.00045
0.054	0.3095	-0.2758	0.0007295476273336296	0.001647590813882647	0.0015515977050229591	1.02840304	56.32011414	0.96312138	0.22381892049150431	0.0321298	0.00075
0.0403	0.3349	-0.2555	0.0007243116395776468	0.0018151424220741027	0.00152367243699105	0.93362331	51.12953568	0.91776043	0.06943564319896735	0.0319017	0.00083
0.0274	0.3021	-0.1209	0.0009128071987930344	0.0011641346110802177	0.0011222467090323538	1.10523856	60.5279808	1.0003595	0.2423464549083984	0.0240814	0.00021
0.0219	0.0053	-0.0655	9.599310885968811e-05	0.0011990411961201044	0.0003630284844148205	1.4837712	81.25817871	1.1794642	0.4382469449795383	0.0189808	0.00023
0.0296	0.0197	-0.1057	0.001282817000215832	0.000879645943005142	0.0005340707511102648	0.90983081	49.82654572	0.90319587	0.14616307055832753	0.0165151	0.0001
0.0315	0.0536	-0.0629	0.0017837264955382047	0.0010384709049366262	0.0005532693728822024	0.86765355	47.51672363	0.8903261	0.11254665395128972	0.0135208	0.0001
0.0312	0.2086	-0.0523	0.0020699604928652747	0.0007714355293814937	0.0006475171524898963	1.03662026	56.77012253	0.95231969	0.1982758576244948	0.0140781	7e-05
0.0456	0.0505	-0.0782	0.0022916173078685546	0.0009756390518648303	0.000853466004225227	1.05292511	57.66305161	0.95709094	0.22999045946109736	0.0137855	8e-05
0.0414	0.3413	-0.0533	0.0021851522234969008	0.0006370451769779302	0.0006946410422937432	1.41825175	77.67002869	1.11935739	0.35009419605950187	0.0198799	6e-05
0.0456	0.1472	-0.0673	0.0020856684561332234	0.00091106186954104	0.0006370451769779302	1.1233139	61.51787186	0.9824078	0.23385481626213	0.01397	4e-05
0.0472	0.2301	-0.0246	0.0019373154697137059	0.0007993607974134029	0.0006928957130417488	0.92191219	50.48817825	0.89472254	0.14299522973054862	0.015276	4e-05
0.0417	0.2876	-0.0485	0.002385865087476248	0.0005794493116621174	0.0006806784082777885	0.89021719	48.7524147	0.892462	0.12093392041388944	0.0162044	6e-05
0.0411	0.0332	-0.0517	0.0025464353786597265	0.0004433136300065597	0.0007347836150896127	1.29035139	70.6656189	1.06165013	0.275740558982543	0.0116999	4e-05
0.0467	0.1602	-0.0496	0.0028623399732707008	-0.00010297442586766544	0.0006911503837897545	0.92297095	50.54616165	0.89914524	0.17999129408925285	0.0116012	4e-05
0.0504	-0.0059	-0.0383	0.0026197392072434887	3.490658503988659e-05	0.0008098327729253688	1.03814185	56.85345459	0.94369848	0.20605820830351887	0.0122318	6e-05
0.0519	0.0769	-0.0231	0.003186971214141646	0.0001012290966156711	0.0008447393579652555	0.8802948	48.20901871	0.88499108	0.1329230551756914	0.0101664	3e-05
0.0474	0.128	-0.0104	0.001932079481957723	0.0007470009198535729	-3.839724354387525e-05	1.17184639	64.17573547	1.01381187	0.20749000784654775	0.0132193	3e-05
0.0367	0.2114	-0.146	0.0014887658519511632	0.001281071670963838	0.000153588974175501	1.21315455	66.43795776	1.05259432	0.28816852994181	0.0210677	0.00011
0.021	0.1583	-0.1811	-0.0001832595714594046	0.0017034413499464657	0.000153588974175501	1.00919151	55.26799774	0.94191418	0.20861975511965977	0.0243676	0.00038
0.0264	0.1612	-0.1485	0.0001972222054753592	0.0012304571226560022	0.0002181661564992912	0.77227223	42.29320145	0.85194059	0.08680215932745089	0.0212469	0.00025
0.0252	0.3153	-0.1397	0.0005550147021341969	0.001054178868204575	0.00023911010752322313	0.92997271	50.92961121	0.89923962	0.19185073510670983	0.0230594	0.00026
0.0256	0.3997	-0.1616	0.00020769418098732522	0.001481784534943186	0.0003106686068549907	0.8566516	46.91420746	0.89214205	0.14902423436086248	0.0271146	0.00058
0.021	0.4167	-0.1636	0.000614355896702004	0.0011431906600562858	0.00023387411976724014	0.81592089	44.68360519	0.86486142	0.0647025038844665	0.027557	0.00058
0.0309	0.4539	-0.2085	0.0008691739674931761	0.001054178868204575	0.0007278022980816354	0.86499667	47.37122345	0.89522692	0.13388790204786388	0.0309696	0.00077
0.025	0.2951	-0.1782	0.0019495327744776662	0.0010070549784007281	0.0005811946409141118	1.09326756	59.87239456	0.98723227	0.258704517697793	0.0210752	9e-05
0.0145	0.3292	-0.1579	0.002886774582798621	0.0009459684545809266	0.00042935099599060504	0.89747059	49.14964294	0.89692522	0.12240859885321316	0.0202624	6e-05
0.0138	0.1224	-0.1317	0.0028309240467348025	0.000921533845053006	0.00046949356878647465	1.16938949	64.04118347	1.0117667	0.23972138591938044	0.0134105	5e-05
0.0149	0.0922	-0.1642	0.0034417892849328176	0.0013439035240356337	0.0005585053606381855	0.89499384	49.01400757	0.89898744	0.11991233545161768	0.0140491	1e-05
0.02	0.0911	-0.1027	0.003316125578789226	0.0017749998492782332	0.0005445427266222308	0.93480015	51.19398499	0.92358937	0.0962361332701073	0.0113822	1e-05
-0.0228	0.0602	-0.0548	0.0038083084278516272	0.0026302111827554544	-0.00020943951023931956	0.89850271	49.20616913	0.90200592	0.22666882097005864	0.00946623	5e-05
-0.0465	0.0437	-0.0086	0.004082325120414737	0.002518510110627818	-0.0011414453308042916	0.82915264	45.40823746	0.86872846	0.15228617926278587	0.0081138	5e-05
-0.0496	0.051	-0.009	0.0038536869884034796	0.0026581364507873638	-0.0013857914260834976	0.76372534	41.82513428	0.83651653	0.04143052837250045	0.00897658	3e-05
-0.038	0.0744	0.1017	0.0033143802495372316	0.0026022859147235454	-0.002064724505109292	1.02189851	55.96389008	0.95866929	0.20940451769779303	0.0115341	5e-05
-0.0585	0.1055	0.0538	0.0033265975543011915	0.0019879300180215415	-0.001790707812546182	0.98802722	54.10894394	0.94151743	0.14452949470145368	0.00993216	3e-05
-0.0465	0.1399	0.0396	0.004220206131322289	0.0008464846872172499	-0.0017016960206944712	0.84496391	46.27413559	0.87273567	0.166803284983855	0.00907105	4e-05
-0.0353	0.0815	-0.0543	0.005506513790042109	0.0013421581947836393	-0.0011135200627723821	0.96973121	53.10697174	0.92151201	0.28200785621041496	0.00861537	3e-05
-0.0352	0.2025	-0.023	0.005581562947877866	0.0007382742735936014	-0.0013421581947836393	0.97116202	53.18532944	0.91981888	0.1977785605518526	0.0101464	2e-05
-0.0291	0.0604	-0.0716	0.0050125856117277144	0.000640535835481919	-0.0012479104151759456	1.00218058	54.88404846	0.93080643	0.23484817769347635	0.00782335	0.0
-0.0227	0.1627	-0.0312	0.004656538444320871	0.000450294947014537	-0.0012671090369478833	0.95012683	52.03334427	0.90492765	0.17737433388230817	0.00866544	3e-05
-0.0002	0.1161	-0.1054	0.00429700061841004	0.0006510078109938849	-0.0009651670763528643	0.93346912	51.12108994	0.9117632	0.18640963252425993	0.00929379	6e-05
0.0129	0.1858	-0.0986	0.003855432317655474	0.0011571532940722405	-0.0011676252695842063	0.94799232	51.91644669	0.91146032	0.14710859885321315	0.0116774	2e-05
0.0141	0.1995	-0.1795	0.004286528642898074	0.0016057029118347831	-0.0006684611035138282	0.90270853	49.43649673	0.89859198	0.16474050545377605	0.0135458	3e-05
0.0076	0.2335	-0.183	0.003979350694547071	0.0013456488532876281	-0.0005532693728822024	0.83537138	45.74880219	0.86225886	0.07812118687648915	0.0155503	3e-05
0.0053	0.3614	-0.2036	0.004262094033370152	0.0011362093430483087	-0.0004677482395344803	0.97178108	53.21923065	0.92497708	0.17968519912050612	0.0209509	3e-05
0.0159	0.2367	-0.2263	0.004134684997974567	0.001593485607070823	-0.0001186823891356144	0.91675782	50.2059021	0.89744917	0.20468755749084827	0.0170469	4e-05
0.0226	0.4248	-0.2276	0.004565781323217166	0.0015690509975429022	5.585053606381854e-05	1.03575039	56.7224884	0.94531113	0.22760319299849768	0.0254725	9e-05
0.0307	0.2992	-0.2377	0.004715879638888678	0.001947787445225672	0.00035430183815484887	0.92160165	50.47117233	0.89589706	0.1851643032722656	0.0197421	3e-05
0.0343	0.488	-0.2494	0.004899139210348083	0.001932079481957723	0.0005689773361501514	1.0639255	58.26548767	0.96900422	0.2247821516361328	0.0303717	0.00015
0.041	0.314	-0.2624	0.004928809807631986	0.002228785454796759	0.0007679448708775049	1.0111289	55.37409973	0.94183194	0.2199672052425146	0.0219241	2e-05
0.0431	0.4684	-0.2583	0.0050230575872396805	0.0020280725908174107	0.00091106186954104	0.94394386	51.69473648	0.90934719	0.18250388211252888	0.0299755	0.00016
0.0515	0.28	-0.2921	0.005087634769563471	0.00238237442897226	0.0010960667702524388	1.03693843	56.78755188	0.94834754	0.2607941960595019	0.0229302	4e-05
0.0499	0.4258	-0.2684	0.005030038904247658	0.0022165681500327986	0.0011414453308042916	0.91942728	50.35209274	0.89162116	0.1845390352403563	0.0281658	0.0001
0.0589	0.3211	-0.3013	0.005290092962794812	0.0025516713664157096	0.001462585913171248	0.85180479	46.64877319	0.8686211	0.19241489286485108	0.0254546	7e-05
0.0661	0.394	-0.2624	0.005457644570986268	0.0022741640153486112	0.0016423548261266642	0.82742167	45.31344223	0.86008748	0.15024139361069855	0.0273404	6e-05
0.0836	0.3792	-0.2838	0.0056374134839416844	0.00266860842629933	0.002134537675189065	0.76710629	42.01029205	0.84236984	0.1070198086484268	0.028455	0.00013
0.0875	0.4253	-0.2719	0.005682792044493536	0.002633701841259443	0.0024294983187761066	0.77818775	42.61716461	0.84529852	0.08066228945893905	0.0309429	0.00022
0.092	0.373	-0.3055	0.005918411493512772	0.0027890361446869386	0.0027419122548830916	0.80407399	44.03481293	0.85654375	0.1255683844276858	0.0303137	0.0003
0.09	0.4405	-0.276	0.005953318078552658	0.002583087292951608	0.002623229865747477	0.82737857	45.31108093	0.86309964	0.11697689129554156	0.0324694	0.00033
0.0957	0.4198	-0.3017	0.006159266930287989	0.002701769682087222	0.0026895523773232616	0.74329203	40.70611191	0.83090483	0.07164768762233646	0.0322384	0.00037
0.0941	0.4811	-0.2801	0.005785766470361203	0.002570869988187647	0.0027104963283471934	0.79901528	43.75777435	0.85436496	0.11076720524251468	0.0354005	0.00053
0.0957	0.3977	-0.3147	0.00603883921190038	0.002633701841259443	0.002928662484846485	0.83353096	45.64801407	0.86442457	0.14630353755551323	0.0326483	0.00039
0.0938	0.4013	-0.2932	0.006401867696315201	0.0026057765732275338	0.002885029253546627	0.75714678	41.46486282	0.83941393	0.04872934918732938	0.0316067	0.0003
0.0871	0.3323	-0.3036	0.007372270760424048	0.0027995081201989047	0.0029530970943744054	0.83395529	45.6712532	0.86163051	0.14771012259539976	0.0287892	0.0003
0.0823	0.2844	-0.1952	0.00740543201621194	0.0016318828506146981	0.0027436575841350863	1.01493847	55.58272934	0.95962469	0.23161130178057085	0.0221686	0.0001
0.0666	0.3254	-0.2753	0.006911503837897546	0.00249931148885588	0.0020699604928652747	0.98143464	53.74790573	0.93742562	0.23855269539126933	0.0262784	0.00011
0.0707	0.2751	-0.2473	0.007302457590344275	0.002782054827678961	0.0026895523773232616	0.96259636	52.7162323	0.93962522	0.14706444878638983	0.0246364	0.00027
0.0537	0.3341	-0.063	0.007101744726364926	0.0022322761133007477	0.002230530784048753	1.15998054	63.52590561	1.03657865	0.3207756585816036	0.0223755	0.00029
0.0546	0.0259	-0.0986	0.006538003377970758	0.0025918139392115793	0.0018797196043978928	1.41449583	77.46434021	1.15199605	0.40840451769779296	0.0139747	6e-05
0.0587	0.025	-0.158	0.007143632628412791	0.002368411794956305	0.001864011641129944	0.83912098	45.95415115	0.87403925	0.10663696789826282	0.014551	2e-05
0.0487	0.192	-0.0918	0.006775368156241988	0.002089159114637212	0.0015271630954950383	1.08490252	59.41428757	0.96627846	0.29241828490624017	0.0152426	4e-05
0.0468	0.1101	-0.1481	0.007279768310068348	0.002141518992197042	0.0014905111812031574	0.97064811	53.1571846	0.92197496	0.1697705972839036	0.01499	4e-05
0.0407	0.0713	-0.1055	0.007684684696531034	0.0020001473227855013	0.0011466813185602744	0.90563697	49.59687424	0.89668604	0.1320058959258555	0.0131763	2e-05
0.0256	0.1594	-0.1104	0.007974409352362091	0.001291543646475804	0.0006440264939859076	0.90765709	49.70750427	0.89697052	0.183149157835756	0.0145832	2e-05
0.0344	0.1176	-0.0953	0.006969099703213358	0.0017959438003021652	0.0010419615634406148	0.91628826	50.18018723	0.89955327	0.16108224362149007	0.0128924	3e-05
0.0163	0.4385	-0.0427	0.0071191980188848696	0.0012863076587198209	0.0007504915783575615	1.56697512	85.81481171	1.2238781	0.4391602221168455	0.0319154	0.0007
0.018	0.039	-0.1396	0.006997024971245267	0.0017715091907742446	0.0008464846872172499	1.81256795	99.26461029	1.32009106	0.5332683844276858	0.0140871	2e-05
0.0193	-0.002	-0.1219	0.007581710270663368	0.001583013631558857	0.0006440264939859076	0.86312675	47.2688179	0.88806716	0.10878195259324158	0.0121024	2e-05
0.0162	0.1991	-0.0555	0.008182103533349416	0.0008220500776893293	0.0002303834612632515	1.16816151	63.97393036	1.00226801	0.3593499924639116	0.0180348	6e-05
0.0298	0.0423	-0.0458	0.006344271830999388	0.0006702064327658224	0.000307177948351002	0.99548846	54.51755524	0.92599732	0.2834234917180643	0.0111364	6e-05
0.039	0.0973	-0.0388	0.0046530477858168825	0.0008168140899333463	0.00028797932657906436	0.8567034	46.91704559	0.86842057	0.16405151620609834	0.0113398	2e-05
0.042	0.1545	-0.0556	0.0041381756564785556	0.0011100294042683937	0.00039095375244672985	0.77307492	42.33716202	0.84106997	0.122553093477052	0.0130827	1e-05
0.0449	0.1819	-0.0557	0.004436626958569585	0.001064650843716541	0.00041189770347066176	0.66813767	36.59031296	0.79563017	0.04863869068334071	0.01415	1e-05
0.0466	0.1922	-0.0432	0.004637339822548933	0.001228711793404008	0.0005340707511102648	0.65696579	35.97848892	0.79002613	0.04884734306532093	0.0146658	4e-05
0.0508	0.2217	-0.0523	0.004417428336797647	0.0011850785621041497	0.0005672320068981572	0.67679304	37.06431961	0.79742063	0.05763529864195183	0.0154499	2e-05
0.0587	0.16	0.0368	0.0041608649367544815	0.002542944720155738	0.00035430183815484887	0.9756211	53.42952728	0.92756958	0.2500679863419031	0.0149626	5e-05
0.056	0.0691	0.1078	0.0038117990863556156	0.003157300616857742	0.0003787364476827695	0.95603341	52.35681534	0.93740027	0.21399281783143956	0.0141321	4e-05
0.0563	0.0139	0.0744	0.004262094033370152	0.0024399702942880727	0.0004974188368183839	0.94251758	51.61662674	0.91928429	0.153215382935991	0.0108755	1e-05
0.0578	-0.0429	0.0718	0.00411199571769864	0.001509709802975095	0.0005846852994181004	0.92057127	50.41474533	0.91527967	0.1192812634792103	0.01059	1e-05
0.0609	0.1507	0.0872	0.004319689898685966	0.0008779006137531476	0.0006527531402458793	1.11806631	61.23048782	0.9817676	0.2574785605518526	0.0109403	2e-05
0.0699	-0.0272	0.076	0.0043982297150257105	0.0007923794804054256	0.0008761552845011534	1.06671846	58.41843796	0.96336726	0.21747315469713704	0.0102917	3e-05
0.0839	0.2145	0.0486	0.004274311338134113	0.0004956735075663896	0.0011606439525762293	1.27500641	69.82525635	1.0483263	0.31835565089028545	0.0127684	2e-05
0.097	0.2013	0.0276	0.003426081321664869	0.0008429940287132613	0.0014608405839192536	0.95376337	52.23249817	0.91949314	0.12208735844795698	0.0143132	3e-05
0.096	0.1978	-0.0386	0.0034313173094208515	0.001499237827463129	0.0017121679962064373	0.98631662	54.0152626	0.93654639	0.11634035993965172	0.013666	2e-05
0.0976	0.3411	-0.0252	0.0033981560536329595	0.0012461650859239514	0.0017418385934903407	0.99433905	54.45460892	0.93198163	0.17409522973054867	0.0196083	8e-05
0.0972	0.1182	-0.0457	0.004150392961242515	0.001998401993533507	0.002040289895581371	1.2626847	69.15045929	1.05096203	0.33394625586550714	0.0126704	3e-05
0.0866	0.2903	-0.0022	0.003820525732615587	0.001382300767579509	0.0017994344588061536	1.08059359	59.17831039	0.96670018	0.2855411945678072	0.0162511	4e-05
0.0616	0.0274	0.2095	0.002398082392240209	0.002061233846605303	0.0009896016858807848	1.66671169	91.27684784	1.24760186	0.6451604596163272	0.0174316	0.00059
0.0567	0.0335	0.2396	0.002036799237077382	0.0019006635554218248	0.0013316862192716734	0.96672744	52.94247055	0.94814468	0.0842968989868597	0.0178059	0.00032
0.0643	-0.0172	0.192	0.0018186330805780916	0.001656317460142619	0.0010925761117484504	0.86050504	47.12524033	0.88192827	0.14098111796508597	0.0168219	0.00014
0.0704	-0.1136	0.1618	0.0024294983187761066	0.002082177797629235	0.0010349802464326373	0.9464069	51.82962418	0.92875424	0.18741607205002225	0.0173846	0.00018
0.0641	0.1455	0.1918	0.0029321531433504737	0.0013194689145077131	0.000778416846389471	1.36151516	74.56287384	1.10472067	0.3714963553869528	0.0144703	7e-05
0.0802	-0.0122	0.1463	0.0030979594222899347	0.001158898623324235	0.001382300767579509	1.09768367	60.11423874	0.98470327	0.2658130245656488	0.013558	0.0001
0.0966	0.1267	0.1804	0.002848377339254746	0.0005323254218582705	0.0017540558982543013	1.03556561	56.7123642	0.94432793	0.2517955207587973	0.0162036	0.00012
0.1164	0.1128	0.1401	0.0025987952562195565	0.0009930923443847736	0.002197369528260861	0.9103356	49.85419083	0.91631681	0.13168313177841262	0.0168056	0.0002
0.1215	0.2029	0.1621	0.0014346606451393388	0.0007714355293814937	0.0013543754995475996	1.13434029	62.12172699	1.00733873	0.22863927273983797	0.0205791	0.00083
0.0995	-0.0295	0.1901	0.00467224640758882	0.0008918632477691023	0.001452113937659282	1.61987138	88.71165466	1.22770693	0.4551875959474386	0.0172395	5e-05
0.0856	0.0041	0.0862	0.005042256209011618	0.0010576695267085637	0.0014329153158873448	0.93172729	51.02569962	0.91504553	0.17915073510670984	0.0128623	1e-05
0.0537	0.1952	0.0952	0.005693264020005502	0.0005131268000863328	0.001075122819228507	1.28839982	70.55873871	1.07937446	0.3096671517137477	0.0184921	0.00025
0.0321	0.203	0.0856	0.006072000467688272	-0.00038397243543875244	0.001022762941668677	1.08931434	59.65589523	0.99093588	0.10540977803838424	0.0199571	0.00015
0.0054	-0.2714	-0.0237	0.00617148423505195	-0.0004363323129985824	7.155849933176751e-05	2.11232162	115.68050385	1.46297264	0.6655524043630209	0.0196927	0.00022
-0.0022	-0.2381	0.0025	0.007010987605261222	-0.000752236907609556	-0.0003822271061867582	0.94435698	51.71736145	0.92930906	0.14755967851693855	0.0176277	7e-05
0.0016	0.0127	0.0315	0.007511897100583594	-0.0012479104151759456	-0.0004363323129985824	1.25610054	68.78987885	1.04288943	0.3361344104850294	0.0121692	4e-05
0.0202	-0.0549	0.0302	0.007447319918259804	-0.0012461650859239514	-0.00010821041362364843	0.8381573	45.90137482	0.86858237	0.10722222054753593	0.0128852	1e-05
0.0246	0.1827	0.0463	0.008229227423153265	-0.0012304571226560022	9.075712110370512e-05	1.18881941	65.10525513	1.00656202	0.30792915014443806	0.0158109	3e-05
-0.0082	0.1117	0.2002	0.01110203937193593	-0.0006719517620178169	0.0006544984694978735	1.41158235	77.30478668	1.13797898	0.4574529328907509	0.028929	0.00131
0.0052	0.1387	-0.0283	0.011999138607461015	-0.0009250245035569946	0.0011780972450961724	1.47460437	80.75616455	1.17815459	0.3525885376331281	0.0293728	0.00034
0.0083	-0.0808	-0.0952	0.009831439676484059	-0.0005759586531581287	0.0005393067388662478	1.33859241	73.30751801	1.10370931	0.44727776438028727	0.0179248	0.0001
0.0074	-0.0858	-0.0741	0.008429940287132611	6.283185307179586e-05	2.792526803190927e-05	0.85946751	47.06842041	0.88972511	0.15458356832078554	0.0144984	4e-05
-0.0015	-0.0134	-0.0232	0.009157742585214249	-0.0006056292504420323	-0.0004468042885105483	0.85638863	46.89980698	0.87788429	0.22574964790689617	0.0149316	6e-05
-0.0	-0.1607	-0.0351	0.00884358331985527	-0.0010105456369047167	-0.00040840704496667313	0.94357449	51.67450714	0.91207632	0.1985736447682769	0.0165905	3e-05
0.0134	0.0039	-0.0205	0.008518952078984322	-0.0016249015336067207	2.4434609527920616e-05	0.96819079	53.02260971	0.9080079	0.26119143960337726	0.0136101	2e-05
-0.0471	-0.0827	0.2955	0.010382963720114267	-0.0012897983172238095	-1.2217304763960308e-05	1.86970627	102.39376831	1.39466197	0.5748883385902368	0.0347943	0.00244
-0.1584	-0.2224	0.7378	0.00986809159077594	-0.0009651670763528643	-0.0008063421144213803	2.39987755	131.42840576	1.83704836	0.7749814089933346	0.0641152	0.0147
-0.0779	-0.2469	0.4687	0.007840018999958528	-0.0001675516081914556	-0.0002199114857512855	1.47801685	80.94304657	1.27201595	0.5447059343824457	0.038879	0.00209
-0.0485	-0.3102	0.3344	0.007265805676052394	-0.000661479786505851	-0.0010245082709206715	1.0849911	59.41913605	1.02721214	0.32063691436949576	0.031229	0.00021
-0.1057	-0.4403	0.617	0.008665559736151846	-0.000635299847725936	-0.0007033676885537148	1.65997136	90.90771484	1.33718491	0.5572537290623163	0.0600175	0.00935
-0.1095	-0.4667	0.6556	0.008183848862601411	-0.0007888888219014368	-0.0017383479349863521	1.39950883	76.64358521	1.22679337	0.1523140047079286	0.0625564	0.00828
-0.0539	-0.4734	0.511	0.007660250087003113	-0.0007278022980816354	-0.001239183768915974	1.01667404	55.67778015	0.98684852	0.2610924732744238	0.0515603	0.00281
-0.0783	-0.4943	0.6565	0.008285077959217083	-0.0005480333851262194	-0.0006702064327658224	1.02002132	55.86109161	0.98976724	0.25947870606597684	0.0642892	0.00916
-0.0628	-0.3864	0.4994	0.008250171374177195	-0.00047822021504644627	-0.0008237954069413235	1.24578512	68.22496033	1.07085274	0.2934154364647581	0.0453538	0.00217
-0.0594	-0.3614	0.4849	0.008293804605477054	-0.00021118483949131387	-0.0004799655442984406	1.05328369	57.68268967	0.98075996	0.07562492347489375	0.043152	0.0022
-0.0684	-0.3648	0.5339	0.007984881327874059	-0.0001675516081914556	-0.00029321531433504735	1.02731776	56.26067352	0.97490401	0.0883653369433124	0.0474188	0.0029
-0.0375	-0.2177	0.5338	0.00853466004225227	-0.00047123889803846896	-0.00010995574287564276	1.03116357	56.47129059	0.96939162	0.2299362787842315	0.0411651	0.00176
-0.2041	-0.5947	1.1792	0.009599310885968814	6.981317007977319e-05	0.0014154620233674013	3.3966949	186.01873779	2.58728096	1.3455560339038914	0.124119	0.09555
-0.116	-0.4722	0.9892	0.010416124975902158	0.001329940890019679	0.0004380776422505767	2.71834135	148.86895752	2.17463337	0.5533163095495037	0.0931405	0.04455
-0.0644	-0.6475	0.8788	0.010056587149991327	0.0010384709049366262	0.0003525565089028545	1.28963053	70.62613678	1.15670026	0.37412644721708016	0.0892022	0.04002
-0.1077	-0.5867	0.8098	0.006140068308516051	0.0004014257279586958	0.0012897983172238095	1.46210325	80.07154083	1.27721618	0.4476402913387081	0.0820403	0.02857
-0.0994	-0.6568	0.8631	0.009063494805606554	0.0004921828490624009	0.0022724186860966175	1.41668427	77.58419037	1.2632602	0.3315401993533509	0.0907273	0.04071
-0.0762	-0.7377	0.7466	0.010835003996380797	0.0002740166925631097	0.0013316862192716734	1.1272037	61.730896	1.04849872	0.36712039070492386	0.0851849	0.03859
-0.0471	-0.5433	0.7731	0.010454522219446033	9.773843811168246e-05	0.001778490507782222	1.07479298	58.86064148	0.99760501	0.30017821599483696	0.0757288	0.0264
-0.0313	-0.6188	0.7448	0.011653563415566138	0.0006440264939859076	0.0026145032194875057	0.94456321	51.72865295	0.94889978	0.24866709818498064	0.0777885	0.03556
-0.0252	-0.5008	0.6987	0.012383111042899768	0.0006911503837897545	0.002707005669843205	0.97446305	53.36610794	0.95518554	0.2136586983746588	0.0702642	0.02719
-0.0322	-0.4225	0.7706	0.012248720690496205	0.000312413936106985	0.002357939819444339	0.9308356	50.97686768	0.92861409	0.20030963252425993	0.0716074	0.0251
-0.0321	-0.4495	0.6145	0.011185815176031658	0.0009791297103688187	0.0015585790220309364	1.1000011	60.24115372	1.03322226	0.3096491043069891	0.0605742	0.0146
-0.0355	-0.187	0.6018	0.010770426814057007	7.504915783575618e-05	0.001706932008450454	1.48773861	81.47545624	1.22806052	0.3519910950463616	0.0499259	0.00656
-0.0322	-0.1788	0.4687	0.009813986383964116	-0.00018500490071139895	0.0021327923459370708	1.11723566	61.18499756	1.03463613	0.22671774130633315	0.0387797	0.00192
-0.0271	-0.4995	0.4023	0.010538298023541762	0.0008988445647770796	0.0025272367568877894	1.51627684	83.03833771	1.23475625	0.5023302758008422	0.0494378	0.00913
-0.0286	-0.3716	0.5532	0.009690068007072518	0.0006963863715457374	0.0022689280275926286	1.21895707	66.75572968	1.07213665	0.3457498469497874	0.0520338	0.00771
-0.0347	-0.2677	0.3833	0.009487609813841176	0.0004956735075663896	0.002288126649364566	1.33294117	72.99803162	1.15189001	0.30101848394913133	0.035486	0.00125
-0.0336	-0.4116	0.2746	0.00974766387238833	0.000317649923862968	0.0024836035255879313	1.0425694	57.09592819	0.9920182	0.28537772592369703	0.0368201	0.00207
-0.0281	-0.3934	0.246	0.00939685269273747	1.0471975511965975e-05	0.002712241657599188	0.83088332	45.50301743	0.87728576	0.09663136300065592	0.0351851	0.00197
-0.032	-0.1122	0.3101	0.009995500626171525	-0.0006003932626860494	0.002385865087476248	1.33269882	72.98475647	1.10245915	0.4259944870877505	0.0284117	0.00069
-0.0267	-0.0597	0.2437	0.010353293122830362	-0.0007347836150896127	0.0023509585024363614	0.87810129	48.08889008	0.89831894	0.15055447170511427	0.0257876	0.00051
-0.0216	-0.0387	0.2614	0.01037598240310629	-0.0007696902001294993	0.0026197392072434887	0.78936118	43.22907257	0.84709693	0.06011882850614715	0.0271327	0.00075
-0.0376	0.2826	0.2564	0.010522590060273812	-0.0011431906600562858	0.0023265238929084412	1.57956445	86.50426483	1.24657325	0.38296617157146784	0.0381396	0.00358
-0.0486	-0.137	0.1878	0.010766936155553018	-0.0013142329267517303	0.0018064157758141308	1.82322872	99.84844208	1.33293963	0.5459748239534482	0.0264409	0.00078
-0.043	-0.2977	0.2159	0.011325441516191205	-0.0011309733552923255	0.0019216075064457567	1.02558637	56.16585541	0.9668205	0.2372478331364609	0.032554	0.00182
-0.0455	-0.0662	0.2747	0.011266100321623397	-0.0014049900478554352	0.0018238690683340744	1.24189353	68.01184082	1.06420458	0.31435481626213	0.0305044	0.00126
-0.0403	-0.3468	0.2152	0.011606439525762293	-0.00119729586686811	0.0020734511513692635	1.3217057	72.38272095	1.09704744	0.3851807734080705	0.0351149	0.00238
-0.0244	-0.21	0.1823	0.011992157290453038	-0.0008272860654453122	0.0021956241990088664	0.90786684	49.71899033	0.88751545	0.22949503068765728	0.0294704	0.00093
-0.0189	-0.259	0.1281	0.012695524979006754	-0.00034557519189487725	0.0019896753472735357	0.9248625	50.64975357	0.90987132	0.17825137069197408	0.0310705	0.00117
-0.0743	-0.2101	0.331	0.01362578547031973	0.00022340214425527416	0.0010821041362364843	1.14533794	62.72400665	1.0384904	0.42754045192500906	0.0369684	0.00356
-0.0865	-0.0556	0.3057	0.0143431157928894	-0.0006946410422937432	0.00031415926535897925	1.14052665	62.46051788	1.0271689	0.31216591899980956	0.0360717	0.00298
-0.0707	-0.2024	0.2967	0.013932963418670733	-0.00041538836197465044	9.250245035569947e-05	0.91612738	50.17137527	0.90566749	0.21715309347705197	0.0360012	0.00237
-0.0607	-0.1845	0.3182	0.013774138456739249	-0.00034033920413889426	0.00039269908169872416	0.75433809	41.3110466	0.84139245	0.07610353755551322	0.0363554	0.00276
-0.1048	-0.327	0.5527	0.013683381335635543	-0.0006754424205218055	0.0001937315469713706	1.35443819	74.17530823	1.14629172	0.4523413936106985	0.0530944	0.01069
-0.0647	-0.304	0.4823	0.013634512116579702	7.330382858376184e-05	0.0007976154681614085	0.93680012	51.30351257	0.93732718	0.2035749694675723	0.0480579	0.00728
-0.0493	-0.3935	0.4571	0.014008012576506489	-6.45771823237902e-05	0.0008674286382411819	0.82437801	45.14675522	0.8764974	0.1591597320457056	0.0496428	0.00844
-0.0498	-0.4967	0.553	0.01288402053822214	-0.000317649923862968	4.18879020478639e-05	1.18429112	64.85726166	1.04109475	0.30973027580084217	0.0603676	0.01396
-0.0502	-0.4766	0.5389	0.012220795422464296	-0.0001884955592153876	0.00019547687622336493	1.00403869	54.98580551	0.96805556	0.08189842272904624	0.0549749	0.00919
-0.0398	-0.4433	0.5188	0.011709413951629959	-0.0002251474735072685	0.00028274333882308137	0.72194338	39.5369606	0.82350297	0.09556499238629668	0.0518808	0.0072
-0.0573	-0.5129	0.6547	0.012109094350336656	0.00017627825445142725	0.0006213372137099814	1.3589288	74.42123413	1.15823709	0.27998500007761457	0.0687076	0.02276
-0.0694	-0.5277	0.9232	0.011232939065835505	-4.18879020478639e-05	8.37758040957278e-05	1.67258215	91.5983429	1.38156509	0.3769941425307348	0.0917869	0.04241
-0.0318	-0.5259	0.8452	0.01242499894494763	0.000710349005561692	-8.901179185171081e-05	1.15756762	63.3937645	1.06637967	0.223254219133456	0.0816378	0.0336
-0.0223	-0.4843	0.772	0.012981758976333824	0.0020420352248333657	0.00045553093477052	1.05668569	57.86899948	1.01305898	0.24594944886400483	0.0733043	0.02749
-0.1657	-0.3786	0.638	0.007506661112827611	0.0025289820861397836	0.0006230825429619757	1.71050537	93.67519379	1.42626238	0.6895798166502044	0.0594201	0.00891
-0.0878	-0.4569	0.5526	0.007183775201208661	0.0030927234345339517	0.0016842427281745281	1.39902949	76.61733246	1.20125137	0.3389893722612836	0.057384	0.00962
-0.1273	-0.5656	0.7397	0.011451105222334798	0.003033382239966145	0.0018360863730980347	1.54390955	84.55163574	1.33323319	0.5592257430308725	0.0752397	0.02777
-0.1024	-0.6686	0.7123	0.012177162191164435	0.002267182698340634	0.0013665928043115599	1.1281122	61.78064728	1.04914369	0.25338750396208104	0.0776589	0.03462
-0.064	-0.487	0.6738	0.009765117164908273	0.0022444934180647076	0.0020682151636132805	1.23462033	67.61352539	1.10976602	0.4153178332916905	0.0643082	0.01748
-0.0489	-0.6063	0.6566	0.01015083492959902	0.002642428487519415	0.002228785454796759	0.98181283	53.76861572	0.96160553	0.1988111562664466	0.0705038	0.02483
-0.0347	-0.1723	0.4589	0.00813148898504158	0.0025569073541716926	0.0033824480903650108	2.33482003	127.86554718	1.69866468	0.8088264856736705	0.0424043	0.0071
0.004	0.0053	0.1413	0.006536258048718765	0.002333505209916419	0.0024452062820440558	1.99686611	109.3576355	1.5648887	0.6716937444449521	0.0209829	0.00019
-0.0091	-0.0656	0.1477	0.006862634618841703	0.001820378409830086	0.0022794000031045943	1.0057106	55.07736588	0.95841628	0.14066548245743662	0.0200517	0.00016
-0.0091	0.023	0.0934	0.007192501847468633	0.0007470009198535729	0.002256710722828668	1.00519526	55.04914856	0.95217478	0.21419669994396848	0.0157412	0.00012
-0.0013	0.0786	0.0319	0.008976228343006836	0.0004433136300065597	0.002858849314766712	1.03170621	56.50101089	0.96362247	0.259377618866163	0.0195384	0.00016
-0.0034	0.1389	0.0066	0.010005972601683491	-0.00019547687622336493	0.002816961412718848	0.97797519	53.55844879	0.93152582	0.17322113334772218	0.0221062	0.0001
-0.0026	0.052	0.1072	0.00869173967493176	-0.00046425758103049166	0.0030560715202420713	1.18517029	64.90541077	1.02214883	0.279406186954104	0.0235205	0.0003
-0.0005	0.1913	-0.0156	0.00796568270610212	0.0007347836150896127	0.002993239667170275	1.45000899	79.40920258	1.16124445	0.363596500901077	0.0258269	0.00044
-0.0036	-0.0448	0.0507	0.005811946409141117	0.0008203047484373349	0.001658062789394613	1.40650308	77.02661896	1.10476302	0.48422171540421927	0.0180739	0.00012
-0.0492	-0.1169	0.1042	0.007780677805390721	0.0009093165402890458	0.002054252529597326	1.16729605	63.92653656	1.02514871	0.2938966464152013	0.0225343	0.00013
-0.0564	-0.1321	0.092	0.008185594191853404	0.0001361356816555577	0.0007801621756414653	0.94344628	51.66748428	0.93052964	0.1572093799526016	0.0180537	3e-05
-0.0592	-0.1758	0.0985	0.009033824208322648	-8.901179185171081e-05	0.00016929693744344995	0.87708586	48.03328323	0.88762567	0.13721213640872643	0.0200347	6e-05
-0.0493	-0.2043	0.1589	0.009452703228801288	0.0005078908123303499	0.0006649704450098395	0.88917404	48.6952858	0.91005398	0.17437275661135454	0.024037	0.0001
-0.0541	-0.2376	0.2272	0.010210176124166827	0.0007068583470577034	0.000752236907609556	1.04881263	57.43783569	0.97835778	0.15858534463463045	0.0278744	0.00036
-0.0534	-0.2503	0.3285	0.010135126966331072	0.0004572762640225143	0.0004310963252425994	1.09039152	59.71488953	1.01396336	0.14698859116189508	0.0319449	0.00079
-0.0363	-0.0292	0.1825	0.010431832939170107	0.0008150687606813518	0.0006928957130417488	1.37553477	75.33065033	1.11773613	0.4300148928648511	0.0217307	8e-05
-0.0411	-0.0386	0.3717	0.010026916552707424	0.00033335788713091696	5.061454830783555e-05	1.17546868	64.37410736	1.04863114	0.2798454212373516	0.0287365	0.00051
-0.0225	-0.009	0.2548	0.009046041513086609	0.0012147491593880533	0.00010821041362364843	1.04617822	57.29356384	0.97522514	0.26109310885968806	0.0213201	7e-05
-0.0153	-0.0241	0.1482	0.00861494518784401	0.002590068609959585	0.0005096361415823442	1.08582282	59.46468735	1.00832457	0.23929207518864132	0.0181932	0.00012
0.0007	-0.0631	0.1883	0.007751007208106817	0.002958333082130389	0.0009948376736367678	0.96739292	52.97891617	0.94883548	0.180970199198121	0.0190738	0.00011
0.0154	0.1191	0.0383	0.007426375967235872	0.002754129559647052	0.0008761552845011534	1.33380485	73.04532623	1.10021208	0.3792758576244948	0.0188146	0.00015
-0.006	-0.0666	-0.087	0.007576474282907384	0.0027715828521669953	0.0013980087308474581	1.31136274	71.81629181	1.07964768	0.366870252726888	0.0148278	3e-05
-0.0147	0.1823	-0.0319	0.008185594191853404	0.001265363707695889	0.0012252211349000194	1.45452452	79.65649414	1.15072256	0.42710633246822816	0.0193191	0.00023
-0.0204	0.0503	-0.0987	0.008391543043588736	0.0012339477811599909	0.0012793263417118436	1.15760672	63.39590454	1.00637682	0.21907349925415276	0.0167252	0.00019
-0.0059	-0.1572	-0.1149	0.007000515629749256	0.0012583823906879114	0.0013404128655316449	1.28442883	70.34127045	1.07018364	0.31202742735936007	0.0161297	5e-05
0.0123	0.217	-0.0439	0.006237806746627734	0.001308996938995747	0.0016423548261266642	1.69299114	92.71603394	1.24238149	0.5191632696012188	0.0144842	2e-05
0.033	0.1279	-0.0635	0.007827801695194567	0.0019076448724298022	0.00205599785884932	0.98468292	53.92579651	0.92265186	0.25951429573617724	0.0146074	4e-05
0.0009	0.2102	-0.0771	0.008859291283123218	0.002357939819444339	0.0017749998492782332	0.95171589	52.12036896	0.92341604	0.21613912722571368	0.0192386	4e-05
0.014	0.1515	-0.1203	0.009943140748611695	0.0022933626371205488	0.002385865087476248	0.90229082	49.41362381	0.90890121	0.2029645943005141	0.0234987	0.00014
0.0183	0.1314	-0.137	0.010454522219446033	0.0016231562043547262	0.0022689280275926286	0.75726575	41.47137833	0.8403935	0.10602624817418904	0.0225341	0.00014
-0.0044	0.4099	-0.0778	0.012192870154432385	0.0007452555906015787	0.0018622663118779497	1.53357124	83.98545837	1.25217545	0.5115455132227089	0.0425059	0.00558
-0.0129	0.4334	0.0041	0.010421360963658142	0.0008621926504851988	0.002049016541841343	1.29797566	71.08315277	1.11735486	0.2176598240310628	0.0512012	0.01037
-0.0211	-0.1202	-0.2921	0.005768313177841259	0.0022776546738526	0.0012688543661998775	2.70149159	147.94618225	1.84933893	1.2004335992412876	0.0282953	0.00076
-0.0127	-0.401	-0.3341	0.007202973822980598	0.001933824811209717	0.001022762941668677	1.49618173	81.93783569	1.2075898	0.4324290966156712	0.0354622	0.00417
-0.0062	-0.1865	-0.3159	0.007503170454323623	0.002036799237077382	0.0010454522219446034	1.16217148	63.6458931	1.02120207	0.26049301687433085	0.0251618	0.00081
0.0078	0.0478	-0.3013	0.007867944267990437	0.001567305668290908	0.0011938052083641214	1.16488886	63.79470444	1.00780774	0.31203101844364034	0.0214221	8e-05
0.0176	0.3213	-0.2991	0.00817163155783745	0.0014189526818713899	0.001429424657383356	1.25698733	68.83844757	1.03710771	0.31988298626428824	0.0281478	0.00014
0.0169	0.5741	-0.3226	0.008515461420480335	0.0012130038301360591	0.0014765485471872027	1.2134639	66.45490265	1.05675619	0.3068451302091032	0.0442659	0.00116
0.0193	0.5301	-0.3502	0.008717919613711676	0.0011641346110802177	0.0015306537539990272	0.80720323	44.20618439	0.87114663	0.08927163095495043	0.0421388	0.00095
0.0251	0.5785	-0.3703	0.009250245035569947	0.001129228026040331	0.0017313666179783749	0.81615371	44.69635391	0.87791754	0.11269724354387524	0.0473801	0.00224
0.0312	0.4764	-0.368	0.00934449281517764	0.0012409290981679683	0.0018884462506578647	0.8321802	45.57403946	0.86969839	0.12865142422074105	0.0418903	0.00125
0.0343	0.4124	-0.3752	0.009583602922700864	0.0011047934165124105	0.0019355701404617114	0.76746893	42.03015137	0.84369388	0.0954184839491314	0.0394481	0.00102
0.0305	0.159	-0.3544	0.00952600705738505	0.0011501719770642632	0.001656317460142619	1.21470594	66.5229187	1.03557635	0.297111355309338	0.0276412	0.00032
0.0254	0.1295	-0.3366	0.009264207669585902	0.0013020156219877698	0.0015341444125030156	0.74926394	41.03316116	0.83861089	0.07919080401811282	0.0253505	0.00022
0.011	0.0876	-0.2965	0.00902160690355869	0.0015132004614790836	0.0013578661580515882	0.77427775	42.40303421	0.85120535	0.12790319299849773	0.0227204	0.00015
0.013	0.0278	-0.3289	0.009534733703645023	0.0018413223608540175	0.001450368608407288	0.83478826	45.71686935	0.87234965	0.1408875574908484	0.0239984	0.00027
0.0281	0.221	-0.3301	0.009951867394871668	0.0018849555921538759	0.0015550883635269475	1.06132054	58.12282944	0.96055116	0.23777433388230812	0.027691	0.00031
0.0031	0.1663	-0.2534	0.010107201698299161	0.0025918139392115793	0.001265363707695889	0.90279615	49.44129562	0.89708449	0.21399586531581277	0.0236248	0.00018
-0.017	0.2653	-0.1791	0.010716321607245182	0.002336995868420407	0.0006719517620178169	0.93420935	51.16162872	0.92213967	0.26626749627076324	0.024976	0.00019
-0.0198	0.3739	-0.1605	0.0097878064451842	0.0021275563581810873	0.000593411945678072	1.03022194	56.41972351	0.95622819	0.1908247244320024	0.0295131	0.00033
0.0063	0.2214	-0.279	0.010093239064283208	0.0020298179200694054	0.0006021385919380437	1.12040675	61.35866165	1.00357941	0.3176948851735331	0.0237557	0.0002
0.0132	0.4438	-0.3	0.009946631407115682	0.001579522973054868	0.0007330382858376184	1.19318593	65.34438324	1.02959876	0.2866901149040817	0.0363938	0.00082
0.0195	0.2227	-0.3375	0.009730210579868387	0.001780235837034216	0.0012042771838760874	1.1582346	63.43029022	1.01522804	0.3093186294632556	0.0259719	0.00025
0.0216	0.3694	-0.3653	0.009721483933608416	0.001710422666954443	0.001408480706359424	1.01060522	55.34541702	0.94327217	0.19073716694115403	0.0341651	0.00066
0.0285	0.2141	-0.3293	0.009435249936281346	0.0018552849948699724	0.0013788101090755204	1.06053841	58.07999039	0.97499458	0.2212383461263252	0.0257053	0.00014
-0.0246	0.3802	-0.5837	0.007154104603924756	0.003218387140677544	0.0008429940287132613	1.79620874	98.36870575	1.38252255	0.682603177926321	0.0496702	0.00404
-0.014	0.2991	-0.4754	0.007695156672042999	0.002700024352835228	0.0007504915783575615	1.38234377	75.70354462	1.18846508	0.25759586531581286	0.0374275	0.00114
-0.0227	0.3742	-0.4186	0.009004153611038746	0.0020525072003453313	0.00032812189937493397	1.04247999	57.09103012	0.98355284	0.25954418852341354	0.0353975	0.00126
-0.0282	0.3698	-0.458	0.00884881930761125	0.002769837522915001	0.0006789330790257941	1.03250742	56.54488754	0.98437314	0.11047379028240129	0.0380091	0.00247
-0.0171	0.2035	-0.4271	0.008923868465447005	0.002501056818107874	0.0005619960191421741	1.11640143	61.13931274	1.0054708	0.2313383461263252	0.0289662	0.0007
-0.0003	0.2587	-0.4649	0.00926769832808989	0.002593559268463574	0.0009250245035569946	0.8562957	46.89471817	0.87909413	0.14976803987067025	0.0323385	0.00123
0.0039	0.2989	-0.4138	0.009129817317182338	0.002319542575900464	0.0008569566627292158	0.81755942	44.77333832	0.8598049	0.11949827721492204	0.0304777	0.00092
0.0148	0.2308	-0.4125	0.00937241808320955	0.002371902453460294	0.0007976154681614085	0.82654577	45.26547241	0.86015869	0.09801509190774253	0.028701	0.00074
0.0249	0.2807	-0.3696	0.009697049324080494	0.002567379329683659	0.000661479786505851	0.88469338	48.4499054	0.8931106	0.1357121899374933	0.0278047	0.00063
0.0301	0.2511	-0.4218	0.010121164332315117	0.0030072023011862297	0.0011309733552923255	0.80356067	44.00670242	0.85562978	0.1536715774261834	0.0304304	0.00117
0.031	0.3635	-0.4228	0.009941395419359702	0.0029914943379182805	0.0012077678423800758	0.82751775	45.3187027	0.86042111	0.1279135681655557	0.0348843	0.00179
0.0356	0.2414	-0.4152	0.009848892969004002	0.0029146998508305304	0.0012880529879718153	0.86110759	47.15823746	0.87627516	0.1467791041517595	0.0302451	0.00107
0.0401	0.35	-0.4261	0.010241592050702726	0.002844886680750757	0.0013840460968315032	0.82094073	44.95851517	0.85600906	0.1519252680319092	0.0344458	0.00178
0.0419	0.2557	-0.4084	0.009662142739040607	0.0029827676916583086	0.0012426744274199627	0.85088712	46.59851837	0.87269599	0.15673509959906054	0.0304667	0.00091
0.0236	0.3026	-0.3599	0.008281587300713093	0.0030229102644541784	0.00062482787221397	0.88259625	48.3350563	0.89090631	0.2156272283164688	0.0279667	0.00046
0.0257	0.2442	-0.3591	0.008906415172927064	0.002883283924294633	0.0006736970912698113	0.87367231	47.84634018	0.8883234	0.10196617157146788	0.0268459	0.00042
0.0337	0.2746	-0.4218	0.008885471221903132	0.0032306044454415038	0.0008656833089891874	0.82910687	45.4057312	0.86816969	0.129112534494509	0.0306033	0.00083
0.0271	0.2071	-0.3636	0.010115928344559134	0.00266860842629933	0.0008639379797371932	0.92770761	50.80556488	0.90124251	0.22200992355250856	0.0259787	0.00049
0.013	0.2348	-0.3473	0.009068730793362536	0.002960078411382383	-1.7453292519943296e-05	0.94216156	51.59712982	0.91369698	0.1691029404268394	0.0254127	0.00039
0.0209	0.3232	-0.3854	0.009115854683166382	0.0031922072018976287	9.948376736367679e-05	0.99206895	54.33028793	0.95440584	0.15420948701013562	0.0307355	0.00098
0.0314	0.1305	-0.2986	0.00861494518784401	0.0038030724400956446	0.0007068583470577034	1.21434164	66.50296783	1.08016038	0.3759574656607208	0.0229619	0.0002
0.017	0.3739	-0.2599	0.010182250856134918	0.003118903373313867	0.0009459684545809266	1.38064992	75.61077881	1.15118323	0.42102924212979537	0.0353716	0.00123
0.0228	-0.0503	-0.3385	0.010442304914682074	0.003525565089028546	0.0011763519158441782	1.83211958	100.33535004	1.34752208	0.5534549617762544	0.0246547	0.00054
0.0239	0.0276	-0.2868	0.010697122985473246	0.0033615041393410786	0.0011903145498601325	0.92077905	50.42612457	0.89876502	0.1523420827247297	0.0231596	0.00028
0.0253	0.0317	-0.3179	0.01132020552843522	0.0034016467121369483	0.00124965574442794	0.83635062	45.80243301	0.86996181	0.07272831551628257	0.0252159	0.00056
0.0211	0.0245	-0.2892	0.011267845650875392	0.003115412714809878	0.0011065387457644049	0.85316622	46.72333145	0.88010818	0.06418554367752169	0.0241948	0.0004
0.0218	0.1116	-0.311	0.011746065865921838	0.0031014500807939236	0.0012095131716320703	0.91250151	49.97280884	0.90243853	0.13935786374650325	0.0269753	0.00065
0.0242	0.0592	-0.289	0.011473794502610721	0.003110176727053895	0.0012042771838760874	0.85363787	46.74916077	0.87911868	0.09111169986635356	0.024426	0.0004
0.0242	0.263	-0.2853	0.011543607672690494	0.003085742117525975	0.001350884841043611	1.14920306	62.93567657	1.02170681	0.21954277183876084	0.0310841	0.00073
0.0259	0.0341	-0.3054	0.011452850551586789	0.003166027263117714	0.0013473941825396225	1.19863153	65.64260864	1.02967715	0.25942664625997164	0.0237136	0.00044
0.0215	0.2029	-0.274	0.011543607672690494	0.0029181905093345183	0.0011885692206081383	0.99528736	54.50654221	0.93210371	0.2294709418409193	0.0269094	0.00042
0.0234	0.0523	-0.2605	0.011273081638631376	0.0030473448739821	0.0011938052083641214	0.97122884	53.18898773	0.92725303	0.18624581932313417	0.0228561	0.00036
0.0274	0.0991	-0.2453	0.011639600781550184	0.0029478611066184224	0.0011519173063162574	0.7630589	41.78863907	0.83451511	0.09139454061651747	0.0239357	0.00035
0.0304	0.0057	-0.1977	0.011746065865921838	0.0029059732045705585	0.0011030480872604163	0.86391354	47.31190491	0.88103598	0.15386111027376795	0.0222498	0.00024
0.0344	-0.0012	-0.188	0.011522663721666564	0.0032079151651655774	0.001244419756671957	0.72760469	39.84700012	0.8193826	0.05393578871309165	0.0213521	0.00022
0.031	0.0228	-0.1725	0.01177050047544976	0.003082251459021986	0.0012304571226560022	0.73396331	40.19522858	0.8240093	0.062273154697137074	0.0211881	0.0002
0.0332	-0.0474	-0.1529	0.01116661655425972	0.003710569989739945	0.0014224433403753785	0.79628986	43.60852051	0.85045351	0.16320943348136868	0.0211213	0.00016
0.0307	0.0455	-0.1254	0.010171778880622952	0.004237659423842232	0.0013788101090755204	0.82402867	45.12762451	0.86110921	0.20117801695194568	0.0205008	8e-05
0.0352	-0.0588	-0.0883	0.009613273519984766	0.004461061568097506	0.0013212142437597075	0.84796995	46.43875885	0.86758528	0.1878751685104637	0.0201166	0.00014
0.0329	0.0044	-0.0751	0.009447467241045306	0.004696681017116741	0.001450368608407288	0.74474514	40.78569031	0.82414233	0.10522900463031372	0.0197895	0.00016
